﻿<?xml version="1.0" encoding="utf-8" standalone="yes"?>
<addon id="plugin.video.1channel" name="1Channel" version="1.3" provider-name="californi">
  <requires>
    <import addon="xbmc.python" version="2.19.0" />
    <import addon="script.module.beautifulsoup" version="3.2.1"></import>
  </requires>
  <extension point="xbmc.python.pluginsource" library="default.py">
    <provides>video</provides>
  </extension>
  <extension point="xbmc.addon.metadata">
    <platform>all</platform>
    <language>en</language>
    <summary>Stream videos from 1channel</summary>
  </extension>
</addon>